Kategorie,Übergeordneter Typ,Titel,Listenindex,Rollen der Mitwirkenden,Personen,Startdatum,Schlussdatum,Datum der Veröffentlichung,Medienformat,Name Medienhaus/Outlet,Produzent/Autor,URL
,Presse/Medien,"Zugnetz in Europa - Gespräch mit Mobilitätsexpertin Laura Porak, JKU Linz","Erweitern, um Werte anzuzeigen",Autor*in,"Porak, Laura",2025-11-07 12:00:00.0,2025-11-07 12:00:00.0,2025-11-07 12:00:00.0,Audio,Deutschlandfunk,,https://www.deutschlandfunk.de/zugnetz-in-europa-gespraech-mit-mobilitaetsexpertin-laura-porak-jku-linz-100.html
,Presse/Medien,Journals & organisations beyond mainstream economics: opportunities for students and young scholars,"Erweitern, um Werte anzuzeigen",Autor*in,"Gräbner-Radkowitsch, Claudius",2025-10-30 12:00:00.0,2025-10-30 12:00:00.0,2025-10-30 12:00:00.0,Video,Youtube,Rethinking Economics Australia,https://www.youtube.com/watch?v=_eZuBTLYhFU
,Presse/Medien,Zeitreise: Motorola und das Förderdesaster in Flensburg,"Erweitern, um Werte anzuzeigen",Zitierte Person,"Gräbner-Radkowitsch, Claudius",2025-04-06 12:00:00.0,2025-04-06 12:00:00.0,2025-04-06 12:00:00.0,Video,NDR Fernsehen,,"https://www.ndr.de/fernsehen/sendungen/schleswig-holstein_magazin/Zeitreise-Motorola-und-das-Foerderdesaster-in-Flensburg,shmag126516.html"
,Presse/Medien,Geteilte Meinung zum geplanten Mindestlohn-Anstieg,"Erweitern, um Werte anzuzeigen",Zitierte Person,"Gräbner-Radkowitsch, Claudius",2025-06-30 12:00:00.0,2025-06-30 12:00:00.0,2025-06-30 12:00:00.0,Video,NDR Fernsehen,,"https://www.ndr.de/fernsehen/sendungen/schleswig-holstein_magazin/geteilte-meinung-zum-geplanten-mindestlohn-anstieg,shmag-516.html"
,Presse/Medien,Degrowth (Part 2),"Erweitern, um Werte anzuzeigen",Autor*in,"Gräbner-Radkowitsch, Claudius",2025-07-31 12:00:00.0,2025-07-31 12:00:00.0,2025-07-31 12:00:00.0,Audio,Podcast,Rachneet Randhawa,https://open.spotify.com/episode/0GxCIA3tAKY8ZmHaMSxvCm?si=4c23400444074e07&nd=1&dlsi=c028db0470974007
,Presse/Medien,Degrowth (Part 1),"Erweitern, um Werte anzuzeigen",Autor*in,"Gräbner-Radkowitsch, Claudius",2025-07-25 12:00:00.0,2025-07-25 12:00:00.0,2025-07-25 12:00:00.0,Audio,Podcast,Rachneet Randhawa,https://open.spotify.com/episode/2e6B8mEaaqJXyRi2HtXaSL?si=a6fb6eef4dd54a23&nd=1&dlsi=157353d310ac4a43
,Presse/Medien,"The ‘degrowth’ movement envisions global climate justice, but must adapt to global south realities","Erweitern, um Werte anzuzeigen",Autor*in,"Gräbner-Radkowitsch, Claudius",2025-02-06 12:00:00.0,2025-02-06 12:00:00.0,2025-02-06 12:00:00.0,,The Conversation,,https://theconversation.com/the-degrowth-movement-envisions-global-climate-justice-but-must-adapt-to-global-south-realities-238276
,Presse/Medien,Superreiche und ihre Netzwerke - Vorlaut Kollektiv (3/3),"Erweitern, um Werte anzuzeigen",Autor*in,"Hieselmayr, Sophie (+1 weitere)",2025-12-21 12:00:00.0,2025-12-21 12:00:00.0,2025-12-21 12:00:00.0,Video,Instagram,Vorlaut Kollektiv,https://www.instagram.com/p/DSiNbjOjEGO/
,Presse/Medien,Superreiche und ihre Netzwerke - Vorlaut Kollektiv (2/3),"Erweitern, um Werte anzuzeigen",Autor*in,"Hieselmayr, Sophie (+1 weitere)",2025-12-19 12:00:00.0,2025-12-19 12:00:00.0,2025-12-19 12:00:00.0,Video,Instagram,Vorlaut Kollektiv,https://www.instagram.com/p/DScan8wDJnS/
,Presse/Medien,Superreiche und ihre Netzwerke - Vorlaut Kollektiv (1/3),"Erweitern, um Werte anzuzeigen",Autor*in,"Hieselmayr, Sophie (+1 weitere)",2025-12-17 12:00:00.0,2025-12-17 12:00:00.0,2025-12-17 12:00:00.0,Video,Instagram,Vorlaut Kollektiv,https://www.instagram.com/p/DSW5R3tDEbl/
,Presse/Medien,"Medienförderung: unabhängige, vielfältige und demokratische Medienordnung sichern","Erweitern, um Werte anzuzeigen",Autor*in,"Theine, Hendrik",2025-11-28 12:00:00.0,2025-11-28 12:00:00.0,2025-11-28 12:00:00.0,Web,Diskurs. Das Wissenschaftsnetz,,https://www.youtube.com/watch?v=EdqXOjvI1-U
,Presse/Medien,Am Kipppunkt?,"Erweitern, um Werte anzuzeigen",Autor*in,"Theine, Hendrik",2025-11-28 12:00:00.0,2025-11-28 12:00:00.0,2025-11-28 12:00:00.0,Print,Der Falter,,https://www.falter.at/zeitung/20251202/am-kipppunkt
,Presse/Medien,"Wissenschafter schlagen Alarm: Österreichs Mediensystem ""am Kipppunkt""","Erweitern, um Werte anzuzeigen",Autor*in,"Theine, Hendrik",2025-11-28 12:00:00.0,2025-11-28 12:00:00.0,2025-11-28 12:00:00.0,Web,Der Standard,,https://www.derstandard.at/story/3000000298418/wissenschafter-schlagen-alarm-oesterreichs-mediensystem-am-kipppunkt
,Presse/Medien,"Medienwissenschafter sehen Journalismus am ""Kipppunkt""","Erweitern, um Werte anzuzeigen",Autor*in,"Theine, Hendrik",2025-11-28 12:00:00.0,2025-11-28 12:00:00.0,2025-11-28 12:00:00.0,Web,Kleine Zeitung,,https://www.kleinezeitung.at/service/newsticker/kultur/20355143/medienwissenschafter-sehen-journalismus-am-kipppunkt
,Presse/Medien,Österreichs Medien am Abgrund: Warum wir neue Wege brauchen,"Erweitern, um Werte anzuzeigen",Autor*in,"Theine, Hendrik",2025-11-28 12:00:00.0,2025-11-28 12:00:00.0,2025-11-28 12:00:00.0,,Unsere Zeitung,,https://www.unsere-zeitung.at/2025/11/28/oesterreichs-medien-am-abgrund-warum-wir-neue-wege-brauchen/
,Presse/Medien,Die Vielfalt des Wirtschaftens,"Erweitern, um Werte anzuzeigen",Autor*in,"Bäuerle, Lukas",2025-08-30 12:00:00.0,2025-08-30 12:00:00.0,2025-08-30 12:00:00.0,,Akademie der Wissenschaften in Hamburg,Lukas Bäuerle,https://www.awhamburg.de/essays/die-vielfalt-des-wirtschaftens.html
,Presse/Medien,ÖKONOMIE UND DESIGN – PARTNERSCHAFT DER APOKALYPSE?,"Erweitern, um Werte anzuzeigen",Autor*in,"Stäudelmayr, Alexander",2025-01-27 12:00:00.0,2025-01-27 12:00:00.0,2025-01-27 12:00:00.0,,,,https://dorftv.at/video/45881
,Presse/Medien,FÄKT Science Beitrag: Wer verursacht die Klimakrise? Die Antwort ist Geld!,"Erweitern, um Werte anzuzeigen",Autor*in,"Pühringer, Stephan",2025-11-10 12:00:00.0,2025-11-10 12:00:00.0,2025-11-10 12:00:00.0,,,,https://youtu.be/xgrbrBtXCmk?si=aeRuwRf9UT5UiTSH
,Presse/Medien,A Paramount–Warner Bros. Discovery merger could give Trump even more influence over US media – shaping the news and culture Americans watch and stream,"Erweitern, um Werte anzuzeigen",Autor*in,"Theine, Hendrik",2025-09-22 12:00:00.0,2025-09-22 12:00:00.0,2025-09-22 12:00:00.0,Web,,,https://theconversation.com/a-paramount-warner-bros-discovery-merger-could-give-trump-even-more-influence-over-us-media-shaping-the-news-and-culture-americans-watch-and-stream-265699
,Presse/Medien,Wie Trump und Musk die Medien in Europa kontrollieren wollen,"Erweitern, um Werte anzuzeigen",Autor*in,"Theine, Hendrik",2025-01-20 12:00:00.0,2025-01-20 12:00:00.0,2025-01-20 12:00:00.0,Web,,,https://jacobin.de/artikel/donald-trump-amtseinfuehrung-elon-musk-medien-meinungsfreiheit
,Presse/Medien,"Rückverteilung: ""Systemische Fragen wurden eher ausgeblendet""","Erweitern, um Werte anzuzeigen",Autor*in,"Theine, Hendrik",2025-05-15 12:00:00.0,2025-05-15 12:00:00.0,2025-05-15 12:00:00.0,Web,,Malte Kornfeld,https://makroskop.eu/17-2025/ruckverteilung-systemische-fragen-wurden-eher-ausgeblendet/
,Presse/Medien,"""Guter Rat für Rückverteilung"". Wie Medien über Reichtum berichten","Erweitern, um Werte anzuzeigen",Autor*in,"Verita, Carlotta (+1 weitere)",2025-05-21 12:00:00.0,2025-05-21 12:00:00.0,2025-05-21 12:00:00.0,Web,,,https://makronom.de/wie-medien-ueber-reichtum-berichten-48939
,Presse/Medien,Umverteilung braucht Medienmacht,"Erweitern, um Werte anzuzeigen",Autor*in,"Theine, Hendrik",2025-10-16 12:00:00.0,2025-10-16 12:00:00.0,2025-10-16 12:00:00.0,Hybrid,,,https://www.surplusmagazin.de/rotes-wien-wohnungsbau-steuern-medien/
,Presse/Medien,"Studie: Das muss die neue DB-Chefin tun, damit die Bahn zum Wachstumsmotor wird","Erweitern, um Werte anzuzeigen",Autor*in,"Porak, Laura (+1 weitere)",2025-09-22 12:00:00.0,2025-09-22 12:00:00.0,2025-09-22 12:00:00.0,,Surplus - das Wirtschaftsmagazin,,https://www.surplusmagazin.de/dbchefin-evelynpalla-deutschebahn-reformen-wachstum/
,Presse/Medien,Superreiche: Wer kennt wen?,"Erweitern, um Werte anzuzeigen",Autor*in,"Pühringer, Stephan",2025-02-14 12:00:00.0,2025-02-14 12:00:00.0,2025-02-14 12:00:00.0,Video,,,http://moment.at/story/netzwerk-superreiche-oesterreich-stephan-puehringer
,Presse/Medien,Alles auf Schiene,"Erweitern, um Werte anzuzeigen",Autor*in,"Eder, Julia Theresa (+1 weitere)",2025-07-14 12:00:00.0,2025-07-14 12:00:00.0,2025-07-14 12:00:00.0,Audio,Ö1,,https://sound.orf.at/podcast/oe1/dimensionen/oesterreichs-bahnindustrie-alles-auf-schiene
,Presse/Medien,Die Netzwerke von Österreichs Superreichen,"Erweitern, um Werte anzuzeigen",Autor*in,"Pühringer, Stephan",2025-09-09 12:00:00.0,2025-09-09 12:00:00.0,2025-09-09 12:00:00.0,Audio,Der Standard,,https://www.derstandard.at/story/3000000286778/so-funktionieren-die-netzwerke-der-superreichen-in-oesterreich
,Presse/Medien,Was die Zölle für ein Industriebundesland bedeuten,"Erweitern, um Werte anzuzeigen",Zitierte Person,"Hieselmayr, Sophie",2025-07-30 12:00:00.0,2025-07-30 12:00:00.0,2025-07-30 12:00:00.0,Web,Kronen Zeitung,,https://www.krone.at/3855379
,Presse/Medien,Ö1-Dimensionen zu den Wirtschaftsnobelpreisen 2024,"Erweitern, um Werte anzuzeigen",Zitierte Person,"Pühringer, Stephan",2025-07-24 12:00:00.0,2025-07-24 12:00:00.0,2025-07-24 12:00:00.0,,ORF,,https://oe1.orf.at/programm/20250724/803245/Sommerreprisen-Die-Nobelpreise-2024-Wirtschaft
,Presse/Medien,"""Wir legen einfach Zölle fest"": Trump verschickt Briefe an Handelspartner","Erweitern, um Werte anzuzeigen",Zitierte Person,"Hieselmayr, Sophie",2025-07-11 12:00:00.0,2025-07-11 12:00:00.0,2025-07-11 12:00:00.0,Hybrid,,Verena Mitterlechner,"https://www.nachrichten.at/wirtschaft/wir-legen-einfach-zoelle-fest-trump-verschickt-briefe-an-handelspartner;art15,4067901"
,Presse/Medien,Wie Österreich zur Bahnfabrik Europas werden kann,"Erweitern, um Werte anzuzeigen",Zitierte Person,"Porak, Laura (+4 weitere)",2025-05-07 12:00:00.0,2025-05-07 12:00:00.0,2025-05-07 12:00:00.0,,Wochenzeitung Verkehr,,https://www.verkehr.co.at/wie-oesterreich-zur-bahnfabrik-europas-werden-kann/
,Presse/Medien,Österreichs Bahnindustrie: Stille Heldin der Wirtschaft,"Erweitern, um Werte anzuzeigen",Zitierte Person,"Porak, Laura (+4 weitere)",2025-05-07 12:00:00.0,2025-05-07 12:00:00.0,2025-05-07 12:00:00.0,Web,VOL.AT,,https://www.vol.at/bahnindustrie-fuer-anderl-stille-heldin-der-volkswirtschaft/9384695
,Presse/Medien,Österreichs Bahnindustrie: Stille Heldin der Wirtschaft,"Erweitern, um Werte anzuzeigen",Zitierte Person,"Porak, Laura (+4 weitere)",2025-05-07 12:00:00.0,2025-05-07 12:00:00.0,2025-05-07 12:00:00.0,Web,VIENNA.AT,,https://www.vienna.at/bahnindustrie-fuer-anderl-stille-heldin-der-volkswirtschaft/9384695
,Presse/Medien,Bahnindustrie für Anderl “stille Heldin” der Volkswirtschaft,"Erweitern, um Werte anzuzeigen",Zitierte Person,"Porak, Laura (+4 weitere)",2025-05-07 12:00:00.0,2025-05-07 12:00:00.0,2025-05-07 12:00:00.0,,NEUE Vorarlberger,,https://www.neue.at/newsticker/bahnindustrie-fuer-anderl-stille-heldin-der-volkswirtschaft/141391022
,Presse/Medien,Bahnindustrie für Anderl “stille Heldin” der Volkswirtschaft,"Erweitern, um Werte anzuzeigen",Zitierte Person,"Porak, Laura (+4 weitere)",2025-05-07 12:00:00.0,2025-05-07 12:00:00.0,2025-05-07 12:00:00.0,Hybrid,Vorarlberger Nachrichten,,https://www.vn.at/newsticker/bahnindustrie-fuer-anderl-stille-heldin-der-volkswirtschaft/3163313
,Presse/Medien,"Bahnindustrie für Anderl ""stille Heldin"" der Volkswirtschaft","Erweitern, um Werte anzuzeigen",Zitierte Person,"Porak, Laura (+4 weitere)",2025-05-07 12:00:00.0,2025-05-07 12:00:00.0,2025-05-07 12:00:00.0,Hybrid,Salzburger Nachrichten,,https://www.sn.at/wirtschaft/oesterreich/bahnindustrie-anderl-heldin-volkswirtschaft-178090597
,Presse/Medien,"""Die stille Heldin der heimischen Volkswirtschaft""","Erweitern, um Werte anzuzeigen",Zitierte Person,"Porak, Laura (+4 weitere)",2025-05-07 12:00:00.0,2025-05-07 12:00:00.0,2025-05-07 12:00:00.0,Hybrid,OÖ Nachrichten,Elisabeth Prechtl,"https://www.nachrichten.at/wirtschaft/die-stille-heldin-der-heimischen-volkswirtschaft;art15,4049143"
,Presse/Medien,Kann der Bahnsektor Österreichs Industrie retten?,"Erweitern, um Werte anzuzeigen",Zitierte Person,"Porak, Laura (+4 weitere)",2025-05-07 12:00:00.0,2025-05-07 12:00:00.0,2025-05-07 12:00:00.0,Hybrid,profil,Franziska Schwarz,https://www.profil.at/wirtschaft/kann-der-bahnsektor-oesterreichs-industrie-retten/403038715
,Presse/Medien,Auch die Eisenbahnindustrie fürchtet sich vor China,"Erweitern, um Werte anzuzeigen",Zitierte Person,"Porak, Laura (+4 weitere)",2025-05-07 12:00:00.0,2025-05-07 12:00:00.0,2025-05-07 12:00:00.0,Print,Tiroler Tageszeitung,,
,Presse/Medien,"Heimische Bahn - Industrie ist Weltspitze, doch Chinesen holen auf","Erweitern, um Werte anzuzeigen",Zitierte Person,"Porak, Laura (+4 weitere)",2025-05-07 12:00:00.0,2025-05-07 12:00:00.0,2025-05-07 12:00:00.0,Print,Krone,,
,Presse/Medien,Nicht nur bei E-Autos: Auch die Bahnindustrie fürchtet sich vor China,"Erweitern, um Werte anzuzeigen",Zitierte Person,"Porak, Laura (+4 weitere)",2025-05-07 12:00:00.0,2025-05-07 12:00:00.0,2025-05-07 12:00:00.0,Print,Der Standard,Nicolas Dworak,https://www.derstandard.at/story/3000000268603/nicht-nur-bei-e-autos-auch-die-eisenbahnindustrie-fuerchtet-sich-vor-china
,Presse/Medien,Superreiche sind gut vernetzt – über ihr Vermögen ist aber oft wenig bekannt,"Erweitern, um Werte anzuzeigen",Zitierte Person,"Pühringer, Stephan",2025-07-10 12:00:00.0,2025-07-10 12:00:00.0,2025-07-10 12:00:00.0,Hybrid,Standard,,https://www.derstandard.at/story/3000000278759/superreiche-sind-gut-vernetzt-ueber-ihr-vermoegen-ist-aber-oft-wenig-bekannt
,Presse/Medien,Mediengespräch Diskursnetzwerk: Politische Ökonomie der Vermögenskonzentration,"Erweitern, um Werte anzuzeigen",Autor*in,"Verita, Carlotta (+1 weitere)",2025-07-09 12:00:00.0,2025-07-09 12:00:00.0,2025-07-09 12:00:00.0,,,,
,Presse/Medien,Zukunft: Das wird gut,"Erweitern, um Werte anzuzeigen",Autor*in,"Bäuerle, Lukas",2025-06-29 12:00:00.0,2025-06-29 12:00:00.0,2025-06-29 12:00:00.0,Hybrid,ZEIT Online,"Petra Pinzler, Stefan Schmitt",https://www.zeit.de/2025/27/zukunft-visionen-angst-optimismus-wissenschaft
,Presse/Medien,Studie zu CO2-neutralen Gebäuden: Sozial gerechte Sanierung,"Erweitern, um Werte anzuzeigen",Zitierte Person,"Hornykewycz, Anna (+3 weitere)",2025-03-26 12:00:00.0,2025-03-26 12:00:00.0,2025-03-26 12:00:00.0,Web,Jura Forum,,https://www.juraforum.de/news/studie-zu-co2-neutralen-gebaeuden-sozial-gerechte-sanierung_262501
,Presse/Medien,Study on CO2 neutral buildings: Socially fair refurbishment.,"Erweitern, um Werte anzuzeigen",Zitierte Person,"Hornykewycz, Anna (+3 weitere)",2025-03-26 12:00:00.0,2025-03-26 12:00:00.0,2025-03-26 12:00:00.0,Web,Informationsdienst Wissenschaft,,https://idw-online.de/de/news849622
,Presse/Medien,Studie zu CO2-neutralen Gebäuden: Sozial gerechte Sanierung.,"Erweitern, um Werte anzuzeigen",Zitierte Person,"Hornykewycz, Anna (+3 weitere)",2025-03-26 12:00:00.0,2025-03-26 12:00:00.0,2025-03-26 12:00:00.0,Web,Informationsdienst Wissenschaft,,https://idw-online.de/de/news849620
,Presse/Medien,CO₂ neutral buildings: Study calls for accelerated energy renovation in building sector to achieve fossil-free goals.,"Erweitern, um Werte anzuzeigen",Zitierte Person,"Hornykewycz, Anna (+3 weitere)",2025-03-26 12:00:00.0,2025-03-26 12:00:00.0,2025-03-26 12:00:00.0,Web,Phys.org,,https://phys.org/news/2025-03-neutral-energy-renovation-sector-fossil.html
,Presse/Medien,Studie zu CO2-neutralen Gebäuden: Sozial gerechte Sanierung.,"Erweitern, um Werte anzuzeigen",Zitierte Person,"Hornykewycz, Anna (+3 weitere)",2025-03-26 12:00:00.0,2025-03-26 12:00:00.0,2025-03-26 12:00:00.0,Web,openPR,,https://www.openpr.de/news/1280326/Studie-zu-CO2-neutralen-Gebaeuden-Sozial-gerechte-Sanierung-idw.html
,Presse/Medien,A socio-ecological transformation of the building sector.,"Erweitern, um Werte anzuzeigen",Autor*in,"Hornykewycz, Anna (+1 weitere)",2025-05-06 12:00:00.0,2025-05-06 12:00:00.0,2025-05-06 12:00:00.0,Web,Earth4All,,https://earth4all.life/views/a-socio-ecological-transformation-of-the-building-sector/
,Presse/Medien,Zur Dekarbonisierung des deutschen Gebäudesektors.,"Erweitern, um Werte anzuzeigen",Autor*in,"Hornykewycz, Anna (+1 weitere)",2025-01-27 12:00:00.0,2025-01-27 12:00:00.0,2025-01-27 12:00:00.0,Web,ifso Blog,,https://www.ifsoblog.de/zur-dekarbonisierung-des-deutschen-gebaeudesektors/
,Presse/Medien,Was Vermögen steuern? Neue wissenschaftliche Befunde zu Vermögens- und Erbschaftssteuern,"Erweitern, um Werte anzuzeigen",Autor*in,"Kapeller, Jakob",2024-09-11 12:00:00.0,2024-09-11 12:00:00.0,2024-09-11 12:00:00.0,Hybrid,Diskurs. Das Wissenschaftsnetz,,https://www.diskurs-wissenschaftsnetz.at/was-vermoegen-steuern-neue-wissenschaftliche-befunde-zu-vermoegens-und-erbschaftssteuern-mediengespraech-11-09-2024/
,Presse/Medien,Lokalzeit am Samstag: Bedinungsloses Grunderbe wird Verlost,"Erweitern, um Werte anzuzeigen",Autor*in,"Kapeller, Jakob",2024-11-30 12:00:00.0,2024-11-30 12:00:00.0,2024-11-30 12:00:00.0,Video,WDR,,https://www1.wdr.de/lokalzeit/fernsehen/lokalzeit-am-samstag/bedingungsloses-grunderbe-in-borken-werden-im-november-20-000-euro-verlost-100.html
,Presse/Medien,Akademie aktuell: Zukunftsfähiges Wirtschaften,"Erweitern, um Werte anzuzeigen",Autor*in,"Bäuerle, Lukas",2025-05-11 12:00:00.0,2025-05-11 12:00:00.0,2025-05-11 12:00:00.0,Web,NDR info,NDR info,"https://www.ndr.de/nachrichten/info/epg/Zukunftsfaehiges-Wirtschaften-Welche-innovativen-Wege-weisen-Wissenschaft-und-Praxis,sendung1536380.html"
,Presse/Medien,Aktive Industriepolitik schafft gute Arbeitsplätze,"Erweitern, um Werte anzuzeigen",Autor*in,"Porak, Laura (+3 weitere)",2025-03-15 12:00:00.0,2025-03-15 12:00:00.0,2025-03-15 12:00:00.0,Print,Zeitschrift Wirtschaft und Umwelt,,
,Presse/Medien,Superreiche: Wer zieht die Fäden?,"Erweitern, um Werte anzuzeigen",Autor*in,"Cserjan, Lukas",2025-03-04 12:00:00.0,2025-03-04 12:00:00.0,2025-03-04 12:00:00.0,Print,Arbeit & Wirtschaft,Christian Bunke,https://www.arbeit-wirtschaft.at/mit-ellbogen-in-die-einbahnstrasse/
,Presse/Medien,Eine Strategie gegen die ökonomische Polarisierung Europas,"Erweitern, um Werte anzuzeigen",Autor*in,"Kapeller, Jakob (+2 weitere)",2019-07-09 12:00:00.0,2019-07-09 12:00:00.0,2019-07-09 12:00:00.0,Hybrid,Makronom,,https://makronom.de/eine-strategie-gegen-die-oekonomische-polarisierung-europas-32115
,Presse/Medien,Wirtschaftlicher Abschwung: Relevanz und Gegenmaßnahmen,"Erweitern, um Werte anzuzeigen",Zitierte Person,"Heimberger, Philipp",2019-09-11 12:00:00.0,2019-09-11 12:00:00.0,2019-09-11 12:00:00.0,Hybrid,Momentum Newsletter,,https://www.momentum-institut.at/news/wirtschaftlicher-abschwung-relevanz-und-gegenmassnahmen
,Presse/Medien,"Auch Deutschland wird zum Opfer des ""Outputlücken-Nonsens""","Erweitern, um Werte anzuzeigen",Autor*in,"Kapeller, Jakob (+1 weitere)",2019-10-14 12:00:00.0,2019-10-14 12:00:00.0,2019-10-14 12:00:00.0,Hybrid,Makronom,,https://makronom.de/fiskalpolitik-schuldenbremse-auch-deutschland-wird-zum-opfer-des-outputluecken-nonsense-33628
,Presse/Medien,Den wirtschaftlichen Abschwung bekämpfen!,"Erweitern, um Werte anzuzeigen",Autor*in,"Heimberger, Philipp",2019-10-10 12:00:00.0,2019-10-10 12:00:00.0,2019-10-10 12:00:00.0,Hybrid,Der Standard,,https://www.derstandard.at/story/2000109696051/den-wirtschaftlichen-abschwung-bekaempfen
,Presse/Medien,Warum Europa trotz Aufschwung ökonomisch weiter auseinander driftet,"Erweitern, um Werte anzuzeigen",Autor*in,"Kapeller, Jakob (+2 weitere)",2018-03-15 12:00:00.0,2018-03-15 12:00:00.0,2018-03-15 12:00:00.0,Hybrid,Makronom,,https://makronom.de/polarisierung-konvergenz-warum-europa-trotz-aufschwung-oekonomisch-weiter-auseinander-driftet-25782
,Presse/Medien,"Hilf dir selbst, dann hilft dir Deutschland: Fortschritt bei der Reform der Eurozone","Erweitern, um Werte anzuzeigen",Autor*in,"Heimberger, Philipp",2018-06-27 12:00:00.0,2018-06-27 12:00:00.0,2018-06-27 12:00:00.0,Hybrid,Der Standard,,https://www.derstandard.at/story/2000082277335/hilf-dir-selbst-dann-hilft-dir-deutschland-fortschritt-bei-der
,Presse/Medien,Vier europäische Lehren aus den Turbulenzen in Italien,"Erweitern, um Werte anzuzeigen",Autor*in,"Heimberger, Philipp",2018-06-07 12:00:00.0,2018-06-07 12:00:00.0,2018-06-07 12:00:00.0,Hybrid,Makronom,,https://makronom.de/euro-reform-vier-europaeische-lehren-aus-den-turbulenzen-in-italien-26781
,Presse/Medien,Europa am Scheidepunkt: Österreichs wichtige Rolle,"Erweitern, um Werte anzuzeigen",Autor*in,"Heimberger, Philipp",2017-11-30 12:00:00.0,2017-11-30 12:00:00.0,2017-11-30 12:00:00.0,Hybrid,Der Standard,,https://www.derstandard.at/story/2000068753621/europa-am-scheidepunkt-oesterreichs-wichtige-rolle
,Presse/Medien,Die Diskrepanz zwischen Reden und Handeln ist im ökonomischen Bereich besonders groß,"Erweitern, um Werte anzuzeigen",Zitierte Person,"Hirte, Katrin",2018-01-12 12:00:00.0,2018-01-12 12:00:00.0,2018-01-12 12:00:00.0,Print,Agora42 (Philosophisches Wirtschaftsmagazin),,
,Presse/Medien,Degrowth and the Global South: remarks on the twin problem of structural interdependencies,"Erweitern, um Werte anzuzeigen",Autor*in,"Strunk, Birte (+1 weitere)",2023-11-06 12:00:00.0,2023-11-06 12:00:00.0,2023-11-06 12:00:00.0,Hybrid,Developing economics blog,,https://developingeconomics.org/2023/11/06/degrowth-and-the-global-south-remarks-on-the-twin-problem-of-structural-interdependencies/
,Presse/Medien,Die (selbstauferlegten) Grenzen der Wissenschaft,"Erweitern, um Werte anzuzeigen",Autor*in,"Pühringer, Stephan (+1 weitere)",2023-11-13 12:00:00.0,2023-11-13 12:00:00.0,2023-11-13 12:00:00.0,Hybrid,Makronom,,https://makronom.de/die-selbstauferlegten-grenzen-der-wissenschaft-45294
,Presse/Medien,Euphemistische Ökonomik,"Erweitern, um Werte anzuzeigen",Autor*in,"Hirte, Katrin",2023-07-04 12:00:00.0,2023-07-04 12:00:00.0,2023-07-04 12:00:00.0,Hybrid,Blog Postwachstum,,"https://www.postwachstum.de/postwachstum-und-kapitalismus-ein-widerspruch-7-20230704#:~:text=Der%20Sprachgebrauch%20in%20der%20%C3%96konomik,teilweise%20auch%20nicht%20mehr%20adressiert."
,Presse/Medien,Degrowth und der globale Süden,"Erweitern, um Werte anzuzeigen",Autor*in,"Strunk, Birte (+1 weitere)",2023-10-23 12:00:00.0,2023-10-23 12:00:00.0,2023-10-23 12:00:00.0,Hybrid,Blog Postwachstum,,https://www.postwachstum.de/degrowth-und-der-globale-sueden-20231023
,Presse/Medien,The danger of 'nonsense Output gaps',"Erweitern, um Werte anzuzeigen",Zitierte Person,"Heimberger, Philipp",2019-06-13 12:00:00.0,2019-06-13 12:00:00.0,2019-06-13 12:00:00.0,Hybrid,Financial Times,,https://www.ft.com/content/031e426e-8c61-11e9-a24d-b42f641eca37
,Presse/Medien,"Männlich, mikroökonomisch, Mainstream? Eine Untersuchung der VWL-Lehrstühle in Deutschland","Erweitern, um Werte anzuzeigen",Autor*in,"Pühringer, Stephan (+1 weitere)",2019-02-04 12:00:00.0,2019-02-04 12:00:00.0,2019-02-04 12:00:00.0,Hybrid,Makronom,,https://makronom.de/deutsche-vwl-maennlich-mikrooekonomisch-mainstream-29502
,Presse/Medien,Beschäftigungsschutz erhöht die Arbeitslosigkeit nicht,"Erweitern, um Werte anzuzeigen",Autor*in,"Heimberger, Philipp",2021-01-11 12:00:00.0,2021-01-11 12:00:00.0,2021-01-11 12:00:00.0,Hybrid,Ökonomenstimme,,https://www.oekonomenstimme.org/artikel/2021/01/beschaeftigungsschutz-erhoeht-die-arbeitslosigkeit-nicht/
,Presse/Medien,Welche Rolle spielt der „Outputlücken-Nonsense“?,"Erweitern, um Werte anzuzeigen",Autor*in,"Heimberger, Philipp",2019-06-06 12:00:00.0,2019-06-06 12:00:00.0,2019-06-06 12:00:00.0,Hybrid,Makronom,,https://makronom.de/eu-kommission-defizitverfahren-gegen-italien-welche-rolle-spielt-der-outputluecken-nonsense-31437
,Presse/Medien,Wechselseitige Kritik ist nur möglich mit nachvollziehbarer Forschung,"Erweitern, um Werte anzuzeigen",Zitierte Person,"Kapeller, Jakob",2022-12-29 12:00:00.0,2022-12-29 12:00:00.0,2022-12-29 12:00:00.0,Hybrid,ZBW Leibniz Informationszentrum Wirtschaft,,https://open-science-future.zbw.eu/wechselseitige-kritik-nur-moeglich-mit-nachvollziehbarer-forschung/
,Presse/Medien,Zur ökonomischen Bedeutung von Suffizienz,"Erweitern, um Werte anzuzeigen",Autor*in,"Gräbner-Radkowitsch, Claudius",2022-06-20 12:00:00.0,2022-06-20 12:00:00.0,2022-06-20 12:00:00.0,Hybrid,Makronom,,https://makronom.de/zur-oekonomischen-bedeutung-von-suffizienz-42099
,Presse/Medien,Austeritätspolitik in der Eurozone: Ein Schuss ins eigene Knie,"Erweitern, um Werte anzuzeigen",Autor*in,"Heimberger, Philipp",2016-11-08 12:00:00.0,2016-11-08 12:00:00.0,2016-11-08 12:00:00.0,Hybrid,Makronom,,https://makronom.de/ein-schuss-ins-eigene-knie-17855
,Presse/Medien,Der Blick von oben und der Blick von unten,"Erweitern, um Werte anzuzeigen",Autor*in,"Ötsch, Walter",2016-08-08 12:00:00.0,2016-08-08 12:00:00.0,2016-08-08 12:00:00.0,Hybrid,Makroskop,,https://makroskop.eu/der-blick-von-oben-und-der-blick-von-unten/
,Presse/Medien,"Ökonomisches Denken, Rechtspopulismus und Rechtsextremismus","Erweitern, um Werte anzuzeigen",Autor*in,"Ötsch, Walter",2016-06-23 12:00:00.0,2016-06-23 12:00:00.0,2016-06-23 12:00:00.0,Hybrid,Makroskop,,https://makroskop.eu/okonomisches-denken-rechtspopulismus-und-rechtsextremismus/
,Presse/Medien,Investitionen gegen die Dauerkrise im Euroland,"Erweitern, um Werte anzuzeigen",Zitierte Person,"Heimberger, Philipp",2016-11-17 12:00:00.0,2016-11-17 12:00:00.0,2016-11-17 12:00:00.0,Hybrid,Der Standard,,https://www.pressreader.com/austria/der-standard/20161117/281788513645369
,Presse/Medien,"Markt-Glauben, Klima-Krise und Katastrophen-Leugnung, Teil 1-4","Erweitern, um Werte anzuzeigen",Autor*in,"Ötsch, Walter",2016-10-03 12:00:00.0,2016-10-03 12:00:00.0,2016-10-03 12:00:00.0,Hybrid,Makroskop,,https://makroskop.eu/markt-glauben-klima-krise-und-katastrophen-leugnung-1/
,Presse/Medien,Quelle place pour le Sud global dans la décroissance?,"Erweitern, um Werte anzuzeigen",Autor*in,"Strunk, Birte (+1 weitere)",2024-03-07 12:00:00.0,2024-03-07 12:00:00.0,2024-03-07 12:00:00.0,Hybrid,The Conversation,,https://theconversation.com/quelle-place-pour-le-sud-global-dans-la-decroissance-225209
,Presse/Medien,Märkte als Richter: Zur Dominanz neoliberaler Krisennarrative,"Erweitern, um Werte anzuzeigen",Zitierte Person,"Pühringer, Stephan",2015-01-01 12:00:00.0,2015-01-01 12:00:00.0,2015-01-01 12:00:00.0,Print,Ksoe-Dossier (Ksoe Nachrichten der Katholischen Sozialakademie),,
,Presse/Medien,Das Team Stronach: Die österreichische Tea Party,"Erweitern, um Werte anzuzeigen",Autor*in,"Ötsch, Walter",2013-10-20 12:00:00.0,2013-10-20 12:00:00.0,2013-10-20 12:00:00.0,Hybrid,Die Presse,,https://www.diepresse.com/1442604/das-team-stronach-die-oesterreichische-tea-party
,Presse/Medien,Agrarsubventionen als Preis der Marktwirtschaft,"Erweitern, um Werte anzuzeigen",Zitierte Person,"Hirte, Katrin",2020-03-01 12:00:00.0,2020-03-01 12:00:00.0,2020-03-01 12:00:00.0,Hybrid,Wege für eine Bäuerliche Zukunft – Zeitschrift der ÖBV/ Via Campesina Austria,,https://www.viacampesina.at/wp-content/uploads/2021/11/bergbau-361-homepage-neu.pdf
,Presse/Medien,Die EU-Anleihen sind ein Zukunftsmodell für Europa,"Erweitern, um Werte anzuzeigen",Autor*in,"Heimberger, Philipp",2021-01-08 12:00:00.0,2021-01-08 12:00:00.0,2021-01-08 12:00:00.0,Hybrid,Handelsblatt,,https://www.handelsblatt.com/meinung/homo-oeconomicus/homo-oeconomicus-die-eu-anleihen-sind-ein-zukunftsmodell-fuer-europa/26779910.html
,Presse/Medien,Verzerrter Wettbewerb in der Forschung,"Erweitern, um Werte anzuzeigen",Zitierte Person,"Aistleitner, Matthias",2022-10-14 12:00:00.0,2022-10-14 12:00:00.0,2022-10-14 12:00:00.0,Web,science.orf.at,,https://science.orf.at/stories/3215551/
,Presse/Medien,Zerfällt Europa? Trump als Entscheidungsbeschleuniger,"Erweitern, um Werte anzuzeigen",Autor*in,"Heimberger, Philipp",2017-02-15 12:00:00.0,2017-02-15 12:00:00.0,2017-02-15 12:00:00.0,Hybrid,Der Standard,,https://www.derstandard.at/story/2000052603957/zerfaellt-europa-trump-als-entscheidungsbeschleuniger
,Presse/Medien,Die EU braucht einen wirtschaftspolitischen Kurswechsel,"Erweitern, um Werte anzuzeigen",Zitierte Person,"Heimberger, Philipp",2017-01-01 12:00:00.0,2017-01-01 12:00:00.0,2017-01-01 12:00:00.0,Print,Der Standard,,
,Presse/Medien,"Migration: It's still the economy, stupid!","Erweitern, um Werte anzuzeigen",Autor*in,"Pühringer, Stephan",2017-04-28 12:00:00.0,2017-04-28 12:00:00.0,2017-04-28 12:00:00.0,Hybrid,Der Standard,,https://www.derstandard.at/story/2000056673470/migration-its-still-the-economy-stupid
,Presse/Medien,Trumps Team: Politik von und für Vermögende,"Erweitern, um Werte anzuzeigen",Autor*in,"Heimberger, Philipp",2016-12-19 12:00:00.0,2016-12-19 12:00:00.0,2016-12-19 12:00:00.0,Hybrid,Die Presse,,https://www.diepresse.com/5136483/trumps-team-politik-von-und-fuer-vermoegende
,Presse/Medien,Was Märkte (nicht) mit Demokratie zu tun haben,"Erweitern, um Werte anzuzeigen",Zitierte Person,"Hirte, Katrin",2018-07-01 12:00:00.0,2018-07-01 12:00:00.0,2018-07-01 12:00:00.0,Hybrid,Wege für eine Bäuerliche Zukunft – Zeitschrift der ÖBV/ Via Campesina Austria,,https://www.viacampesina.at/wp-content/uploads/2019/10/bergbau-353-final.pdf
,Presse/Medien,The (self-imposed) Limits of Science,"Erweitern, um Werte anzuzeigen",Zitierte Person,"Pühringer, Stephan (+1 weitere)",2024-06-04 12:00:00.0,2024-06-04 12:00:00.0,2024-06-04 12:00:00.0,Web,Economists For Future,,https://www.econ4future.org/articles/the-self-imposed-limits-of-science
,Presse/Medien,"Wie die ‚Herren der Modelle‘ versuchen, den Outputlücken-Nonsense zu rechtfertigen","Erweitern, um Werte anzuzeigen",Autor*in,"Kapeller, Jakob (+1 weitere)",2020-01-06 12:00:00.0,2020-01-06 12:00:00.0,2020-01-06 12:00:00.0,Hybrid,Makronom,,https://makronom.de/fiskalpolitik-wie-die-herren-der-modelle-versuchen-den-outputluecken-nonsense-zu-
,Presse/Medien,Einigung der Eurogruppe: Bestenfalls ein erster Schritt,"Erweitern, um Werte anzuzeigen",Autor*in,"Heimberger, Philipp",2020-04-10 12:00:00.0,2020-04-10 12:00:00.0,2020-04-10 12:00:00.0,Hybrid,Makronom,,https://makronom.de/corona-krise-einigung-der-euro-finanzminister-bestenfalls-ein-erster-schritt-35667
,Presse/Medien,Gleichwertige Lebensverhältnisse im Euroraum,"Erweitern, um Werte anzuzeigen",Zitierte Person,"Heimberger, Philipp",2020-04-01 12:00:00.0,2020-04-01 12:00:00.0,2020-04-01 12:00:00.0,Print,Frankfurter Allgemeine Zeitung,,
,Presse/Medien,Enttäuschender EU-Gipfel: Zeit für eine „Neue Südpolitik”,"Erweitern, um Werte anzuzeigen",Autor*in,"Heimberger, Philipp",2020-04-27 12:00:00.0,2020-04-27 12:00:00.0,2020-04-27 12:00:00.0,Hybrid,Makronom,,https://makronom.de/enttaeuschender-eu-gipfel-zeit-fuer-eine-neue-suedpolitik-35698
,Presse/Medien,Prekäre Arbeit an Universitäten kann man nicht wegrechnen,"Erweitern, um Werte anzuzeigen",Autor*in,"Pühringer, Stephan",2023-03-31 12:00:00.0,2023-03-31 12:00:00.0,2023-03-31 12:00:00.0,Hybrid,Der Standard,,https://www.derstandard.at/story/2000145076606/prekaere-arbeit-an-universitaeten-kann-man-nicht-wegrechnen
,Presse/Medien,Das diskrete Netzwerk der Reichsten in Österreich,"Erweitern, um Werte anzuzeigen",Zitierte Person,"Aistleitner, Matthias (+2 weitere)",2024-11-30 12:00:00.0,2024-11-30 12:00:00.0,2024-11-30 12:00:00.0,Web,Profil,,https://www.profil.at/wirtschaft/ueberreichtum-diskrete-netzwerk-der-reichsten-oesterreicher/402981709
,Presse/Medien,Arbeitsplatz Universität: Gefangen in der Teilzeit,"Erweitern, um Werte anzuzeigen",Autor*in,"Pühringer, Stephan",2022-11-27 12:00:00.0,2022-11-27 12:00:00.0,2022-11-27 12:00:00.0,Hybrid,Der Standard,,https://www.derstandard.at/story/2000141227844/arbeitsplatz-universitaet-gefangen-in-der-teilzeit
,Presse/Medien,Das wackelige Fundament der Schuldenbremse,"Erweitern, um Werte anzuzeigen",Autor*in,"Schütz, Bernhard (+1 weitere)",2022-11-08 12:00:00.0,2022-11-08 12:00:00.0,2022-11-08 12:00:00.0,Hybrid,Makronom,,https://makronom.de/das-wackelige-fundament-der-schuldenbremse-42873
,Presse/Medien,Eco vom 05.12.2024,"Erweitern, um Werte anzuzeigen",Zitierte Person,"Pühringer, Stephan",2024-12-05 12:00:00.0,2024-12-05 12:00:00.0,2024-12-05 12:00:00.0,Video,Eco,,https://tv.orf.at/program/orf2/eco530.html
,Presse/Medien,Portrait zur Langen Nacht der Forschung,"Erweitern, um Werte anzuzeigen",Zitierte Person,"Pühringer, Stephan",2024-01-24 12:00:00.0,2024-01-24 12:00:00.0,2024-01-24 12:00:00.0,Web,Instagram,,https://www.instagram.com/reel/C2eoSKsMvQH/?utm_source=ig_web_copy_link
,Presse/Medien,Wie man die AfD kleinkriegt,"Erweitern, um Werte anzuzeigen",Zitierte Person,"Pühringer, Stephan (+1 weitere)",2024-01-22 12:00:00.0,2024-01-22 12:00:00.0,2024-01-22 12:00:00.0,Web,SPIEGEL,,https://www.spiegel.de/wissenschaft/mensch/rechtsextremismus-die-forschung-zeigt-wie-man-die-afd-kleinkriegt-kolumne-a-3c7e1a1d-e9f8-4d1d-a0b7-f5d457f8eb98
,Presse/Medien,Strukturkonzentrationen in der Schlachthofbranche und die Rolle von Ökonomen,"Erweitern, um Werte anzuzeigen",Autor*in,"Hirte, Katrin",2022-01-21 12:00:00.0,2022-01-21 12:00:00.0,2022-01-21 12:00:00.0,Hybrid,Oxi - Wirtschaft anders denken,,https://oxiblog.de/schlachthofbranche-strukturkonzentrationen-oxi122/
,Presse/Medien,Die Finanzglobalisierung verschärft die Einkommensungleichheit,"Erweitern, um Werte anzuzeigen",Zitierte Person,"Heimberger, Philipp",2021-06-22 12:00:00.0,2021-06-22 12:00:00.0,2021-06-22 12:00:00.0,Hybrid,Handelsblatt,,https://www.handelsblatt.com/meinung/homo-oeconomicus/gastkommentar-homo-oeconomicus-die-finanzglobalisierung-verschaerft-die-einkommensungleichheit/27309738.html
,Presse/Medien,Wie befristete Uni-Stellen Innovation verhindern,"Erweitern, um Werte anzuzeigen",Zitierte Person,"Pühringer, Stephan (+2 weitere)",2021-07-01 12:00:00.0,2021-07-01 12:00:00.0,2021-07-01 12:00:00.0,Print,Der Standard,,
,Presse/Medien,Erhöhen Unternehmenssteuersenkungen das Wirtschaftswachstum?,"Erweitern, um Werte anzuzeigen",Autor*in,"Heimberger, Philipp",2021-06-21 12:00:00.0,2021-06-21 12:00:00.0,2021-06-21 12:00:00.0,Hybrid,Ökonomenstimme,,https://oekonomenstimme.org/articles/1855
,Presse/Medien,Die deutschen Inflationssorgen speisen sich aus einem verzerrten Geschichtsbild,"Erweitern, um Werte anzuzeigen",Zitierte Person,"Heimberger, Philipp",2021-05-17 12:00:00.0,2021-05-17 12:00:00.0,2021-05-17 12:00:00.0,Hybrid,Handelsblatt,,https://www.handelsblatt.com/meinung/homo-oeconomicus/gastkommentar-homo-oeconomicus-die-deutschen-inflationssorgen-speisen-sich-aus-einem-verzerrten-geschichtsbild/27179124.html
,Presse/Medien,Der Nobelpreis für David Card hat die Mindestlohn-Befürworter in Deutschland gestärkt,"Erweitern, um Werte anzuzeigen",Zitierte Person,"Heimberger, Philipp",2021-11-09 12:00:00.0,2021-11-09 12:00:00.0,2021-11-09 12:00:00.0,Hybrid,Handelsblatt,,https://www.handelsblatt.com/meinung/homo-oeconomicus/gastkommentar-homo-oeconomicus-der-nobelpreis-fuer-david-card-hat-die-mindestlohn-befuerworter-in-deutschland-gestaerkt/27781742.html
,Presse/Medien,Und ewig lockt der Wettbewerb,"Erweitern, um Werte anzuzeigen",Autor*in,"Porak, Laura",2021-09-09 12:00:00.0,2021-09-09 12:00:00.0,2021-09-09 12:00:00.0,Hybrid,Makronom,,https://makronom.de/und-ewig-lockt-der-wettbewerb-40131
,Presse/Medien,Höhere Staatsschulden = weniger Wachstum?,"Erweitern, um Werte anzuzeigen",Autor*in,"Heimberger, Philipp",2021-12-01 12:00:00.0,2021-12-01 12:00:00.0,2021-12-01 12:00:00.0,Hybrid,Makronom,,https://makronom.de/reinhart-rogoff-hoehere-staatsschulden-weniger-wachstum-40736
,Presse/Medien,Wachstum durch Unternehmensteuersenkungen? Die FDP weckt übertriebene Hoffnungen,"Erweitern, um Werte anzuzeigen",Zitierte Person,"Heimberger, Philipp",2021-08-03 12:00:00.0,2021-08-03 12:00:00.0,2021-08-03 12:00:00.0,Hybrid,Handelsblatt,,https://www.handelsblatt.com/meinung/homo-oeconomicus/gastkommentar-homo-oeconomicus-wachstum-durch-unternehmensteuersenkungen-die-fdp-weckt-uebertriebene-hoffnungen/27478042.html
,Presse/Medien,20 Jahre gute Absichten in der Wissenschaftspolitik,"Erweitern, um Werte anzuzeigen",Autor*in,"Pühringer, Stephan (+2 weitere)",2021-08-22 12:00:00.0,2021-08-22 12:00:00.0,2021-08-22 12:00:00.0,Hybrid,Die Presse,,https://www.diepresse.com/6024122/20-jahre-gute-absichten-in-der-wissenschaftspolitik
,Presse/Medien,Ökonomie und Ideologie,"Erweitern, um Werte anzuzeigen",Autor*in,"Hirte, Katrin",2021-09-01 12:00:00.0,2021-09-01 12:00:00.0,2021-09-01 12:00:00.0,Print,OXI - Wirtschaft anders denken,,
,Presse/Medien,"Drei Gründe, warum Staatsschulden nicht zwingend problematisch sind","Erweitern, um Werte anzuzeigen",Zitierte Person,"Heimberger, Philipp",2021-08-31 12:00:00.0,2021-08-31 12:00:00.0,2021-08-31 12:00:00.0,Hybrid,Handelsblatt,,https://www.handelsblatt.com/meinung/homo-oeconomicus/gastkommentar-homo-oeconomicus-drei-gruende-warum-staatsschulden-nicht-zwingend-problematisch-sind/27564682.html
,Presse/Medien,Fakten-Mensch: Ökonom Philipp Heimberger kritisiert die aus seiner Sicht verzerrte Debatte über die EU,"Erweitern, um Werte anzuzeigen",Zitierte Person,"Heimberger, Philipp",2021-03-11 12:00:00.0,2021-03-11 12:00:00.0,2021-03-11 12:00:00.0,Hybrid,Süddeutsche Zeitung,,https://www.sueddeutsche.de/wirtschaft/nahaufnahme-fakten-mensch-1.5232511
,Presse/Medien,Arbeitnehmerrechte sind kein Jobkiller,"Erweitern, um Werte anzuzeigen",Zitierte Person,"Heimberger, Philipp",2021-02-07 12:00:00.0,2021-02-07 12:00:00.0,2021-02-07 12:00:00.0,Hybrid,Handelsblatt,,https://www.handelsblatt.com/meinung/homo-oeconomicus/gastkommentar-homo-oeconomicus-arbeitnehmerrechte-sind-kein-jobkiller/26884310.html
,Presse/Medien,Wie stark der globale Steuerwettbewerb tatsächlich ist,"Erweitern, um Werte anzuzeigen",Autor*in,"Heimberger, Philipp",2021-02-04 12:00:00.0,2021-02-04 12:00:00.0,2021-02-04 12:00:00.0,Hybrid,Makronom,,https://makronom.de/wie-stark-der-globale-steuerwettbewerb-tatsaechlich-ist-38246
,Presse/Medien,Sieben „überraschende“ Fakten zu Italien,"Erweitern, um Werte anzuzeigen",Autor*in,"Heimberger, Philipp",2021-02-15 12:00:00.0,2021-02-15 12:00:00.0,2021-02-15 12:00:00.0,Hybrid,Makronom,,https://makronom.de/regierungswechsel-mario-draghi-sieben-ueberraschende-fakten-zu-italien-38314
,Presse/Medien,Die gefährliche Geschichtsverdrehung des Hans-Werner Sinn,"Erweitern, um Werte anzuzeigen",Autor*in,"Heimberger, Philipp",2020-12-17 12:00:00.0,2020-12-17 12:00:00.0,2020-12-17 12:00:00.0,Hybrid,Handelsblatt,,https://www.handelsblatt.com/meinung/homo-oeconomicus/gastkommentar-homo-oeconomicus-die-gefaehrliche-geschichtsverdrehung-des-hans-werner-sinn/26727474.html
,Presse/Medien,Draghi darf das Sparen nicht übertreiben,"Erweitern, um Werte anzuzeigen",Zitierte Person,"Heimberger, Philipp",2021-04-05 12:00:00.0,2021-04-05 12:00:00.0,2021-04-05 12:00:00.0,Hybrid,Handelsblatt,,https://www.handelsblatt.com/meinung/homo-oeconomicus/gastkommentar-homo-oeconomicus-draghi-darf-das-sparen-nicht-uebertreiben/27061450.html
,Presse/Medien,Ökonomische Offenheit: Die Vermessung der Globalisierung?,"Erweitern, um Werte anzuzeigen",Autor*in,"Kapeller, Jakob (+2 weitere)",2021-02-22 12:00:00.0,2021-02-22 12:00:00.0,2021-02-22 12:00:00.0,Hybrid,Ökonomenstimme,,https://oekonomenstimme.org/articles/1791
,Presse/Medien,Eine globale Mindeststeuer stoppt die Steuerflucht der Konzerne,"Erweitern, um Werte anzuzeigen",Zitierte Person,"Heimberger, Philipp",2021-03-07 12:00:00.0,2021-03-07 12:00:00.0,2021-03-07 12:00:00.0,Hybrid,Handelsblatt,,https://www.handelsblatt.com/meinung/homo-oeconomicus/gastkommentar-homo-oeconomicus-eine-globale-mindeststeuer-stoppt-die-steuerflucht-der-konzerne/26975936.html
,Presse/Medien,Gewohnter Umsatz wird auf sich warten lassen,"Erweitern, um Werte anzuzeigen",Zitierte Person,"Schütz, Bernhard",2020-05-17 12:00:00.0,2020-05-17 12:00:00.0,2020-05-17 12:00:00.0,Hybrid,"Kronen Zeitung, Interview (von Elisabeth Rathenböck) mit Bernhard Schütz",,https://www.krone.at/2155677
,Presse/Medien,Kein Weg in die „Schuldenunion“,"Erweitern, um Werte anzuzeigen",Autor*in,"Heimberger, Philipp",2020-05-01 12:00:00.0,2020-05-01 12:00:00.0,2020-05-01 12:00:00.0,Hybrid,Der Standard,,https://www.derstandard.at/story/2000117688060/kein-weg-in-die-schuldenunion
,Presse/Medien,Der Outputlücken-Nonsense gefährdet Deutschlands Erholung von der Corona-Krise,"Erweitern, um Werte anzuzeigen",Autor*in,"Heimberger, Philipp",2020-06-02 12:00:00.0,2020-06-02 12:00:00.0,2020-06-02 12:00:00.0,Hybrid,Makronom,,https://makronom.de/der-outputluecken-nonsense-gefaehrdet-deutschlands-erholung-von-der-corona-krise-36125
,Presse/Medien,Zu niets doen voor Z-Europa is gevaarlijk (Nichts für Südeuropa zu tun ist gefährlich),"Erweitern, um Werte anzuzeigen",Zitierte Person,"Heimberger, Philipp",2020-05-01 12:00:00.0,2020-05-01 12:00:00.0,2020-05-01 12:00:00.0,Print,NRC Handelsblad,,
,Presse/Medien,Beschäftigungsschutz ist kein Jobkiller,"Erweitern, um Werte anzuzeigen",Autor*in,"Heimberger, Philipp",2020-12-03 12:00:00.0,2020-12-03 12:00:00.0,2020-12-03 12:00:00.0,Hybrid,Makronom,,https://makronom.de/strukturreformen-beschaeftigungsschutz-ist-kein-jobkiller-37746
,Presse/Medien,"„Um welches Ziel es in der Ökonomie geht, ist also bestimmbar“","Erweitern, um Werte anzuzeigen",Autor*in,"Hirte, Katrin",2020-09-06 12:00:00.0,2020-09-06 12:00:00.0,2020-09-06 12:00:00.0,Hybrid,Agora42 (Philosophisches Wirtschaftsmagazin),,https://agora42.de/um-welches-ziel-es-in-der-oekonomie-geht-ist-also-bestimmbar-interview-mit-katrin-hirte/
,Presse/Medien,"Wahrheiten über Wertfreiheit – eine Replik auf den Gastkommentar ‚Werte, Wahrheit, Wirtschaftsforschung‘ von Harald Oberhofer","Erweitern, um Werte anzuzeigen",Zitierte Person,"Kapeller, Jakob",2020-08-01 12:00:00.0,2020-08-01 12:00:00.0,2020-08-01 12:00:00.0,Print,Der Standard,,
,Presse/Medien,Ökonomische Offenheit: Die Vermessung der Globalisierung,"Erweitern, um Werte anzuzeigen",Autor*in,"Kapeller, Jakob (+2 weitere)",2020-10-01 12:00:00.0,2020-10-01 12:00:00.0,2020-10-01 12:00:00.0,Hybrid,Makronom,,"https://makronom.de/oekonomische-offenheit-die-vermessung-der-globalisierung-37176#:~:text=Eine%20neue%20Studie%20liefert%20einen,zu%20verfolgen%20und%20zu%20erforschen."
,Presse/Medien,Wie ein Rechenfehler zu fatalen Konsequenzen für die Haushalte der EU-Staaten führen kann,"Erweitern, um Werte anzuzeigen",Autor*in,"Heimberger, Philipp",2020-10-12 12:00:00.0,2020-10-12 12:00:00.0,2020-10-12 12:00:00.0,Hybrid,Handelsblatt,,https://www.handelsblatt.com/meinung/homo-oeconomicus/kolumne-homo-oeconomicus-philipp-heimberger-wie-ein-rechenfehler-zu-fatalen-konsequenzen-fuer-die-haushalte-der-eu-staaten-fuehren-kann/26265942.html
,Presse/Medien,Wie die EU-Kommission Deutschlands Budgetsituation schlechtrechnet,"Erweitern, um Werte anzuzeigen",Autor*in,"Heimberger, Philipp",2020-11-16 12:00:00.0,2020-11-16 12:00:00.0,2020-11-16 12:00:00.0,Hybrid,Handelsblatt,,https://www.handelsblatt.com/meinung/homo-oeconomicus/kolumne-homo-oeconomicus-philipp-heimberger-wie-die-eu-kommission-deutschlands-budgetsituation-schlechtrechnet-/26627982.html
,Presse/Medien,Kritik an der Pluralen Ökonomik – Was ist dran und warum ist das wichtig?,"Erweitern, um Werte anzuzeigen",Autor*in,"Strunk, Birte (+1 weitere)",2020-11-16 12:00:00.0,2020-11-16 12:00:00.0,2020-11-16 12:00:00.0,Hybrid,Ökonomenstimme,,https://oekonomenstimme.org/articles/1736
